--
-- PostgreSQL database dump
--

-- Dumped from database version 17.2
-- Dumped by pg_dump version 17.2

-- Started on 2025-04-10 14:47:31

SET statement_timeout = 0;
SET lock_timeout = 0;
SET idle_in_transaction_session_timeout = 0;
SET transaction_timeout = 0;
SET client_encoding = 'UTF8';
SET standard_conforming_strings = on;
SELECT pg_catalog.set_config('search_path', '', false);
SET check_function_bodies = false;
SET xmloption = content;
SET client_min_messages = warning;
SET row_security = off;

SET default_tablespace = '';

SET default_table_access_method = heap;

--
-- TOC entry 218 (class 1259 OID 16408)
-- Name: balance; Type: TABLE; Schema: public; Owner: postgres
--

CREATE TABLE public.balance (
    client_id bigint,
    client_name character varying(30),
    amount double precision,
    id bigint NOT NULL
);


ALTER TABLE public.balance OWNER TO postgres;

--
-- TOC entry 219 (class 1259 OID 24734)
-- Name: balance_id_seq; Type: SEQUENCE; Schema: public; Owner: postgres
--

ALTER TABLE public.balance ALTER COLUMN id ADD GENERATED BY DEFAULT AS IDENTITY (
    SEQUENCE NAME public.balance_id_seq
    START WITH 1
    INCREMENT BY 1
    NO MINVALUE
    NO MAXVALUE
    CACHE 1
);


--
-- TOC entry 217 (class 1259 OID 16389)
-- Name: client; Type: TABLE; Schema: public; Owner: postgres
--

CREATE TABLE public.client (
    id bigint NOT NULL,
    full_name character varying(255),
    pasport character varying(15),
    account character varying(255),
    phone_number character varying(20),
    email character varying(80),
    name character varying(255)
);


ALTER TABLE public.client OWNER TO postgres;

--
-- TOC entry 221 (class 1259 OID 24771)
-- Name: transaction; Type: TABLE; Schema: public; Owner: postgres
--

CREATE TABLE public.transaction (
    id bigint NOT NULL,
    amount double precision,
    client_acc character varying(255),
    client_id bigint
);


ALTER TABLE public.transaction OWNER TO postgres;

--
-- TOC entry 220 (class 1259 OID 24770)
-- Name: transaction_id_seq1; Type: SEQUENCE; Schema: public; Owner: postgres
--

ALTER TABLE public.transaction ALTER COLUMN id ADD GENERATED BY DEFAULT AS IDENTITY (
    SEQUENCE NAME public.transaction_id_seq1
    START WITH 1
    INCREMENT BY 1
    NO MINVALUE
    NO MAXVALUE
    CACHE 1
);


--
-- TOC entry 4802 (class 0 OID 16408)
-- Dependencies: 218
-- Data for Name: balance; Type: TABLE DATA; Schema: public; Owner: postgres
--

COPY public.balance (client_id, client_name, amount, id) FROM stdin;
167	Rakel Jayes	\N	1
338	Bea Vinck	\N	2
35	Nicol Harrigan	\N	3
36	Sukey Cobb	\N	4
37	Charmaine Lansdowne	\N	5
38	Zena Fashion	\N	6
39	Jorie Meriott	\N	7
40	Rochelle Madgett	\N	8
41	Biron Voss	\N	9
42	Julianne Pilbeam	\N	10
43	Leonanie Adam	\N	11
44	Ellerey Colam	\N	12
45	Karylin Wenzel	\N	13
46	Brion Pipping	\N	14
47	Reina Bocke	\N	15
48	Lyndel Ennals	\N	16
49	Ransell Rummer	\N	17
50	Alene Berard	\N	18
51	Eloisa Culshew	\N	19
52	Susie Stansfield	\N	20
53	Connie Noto	\N	21
54	Alison Incogna	\N	22
55	Federica Kalaher	\N	23
56	Neely Ruff	\N	24
57	Gillie Currm	\N	25
58	Norrie Klosges	\N	26
59	Chrystel Dunderdale	\N	27
60	Adelbert Onele	\N	28
61	Dael Bracer	\N	29
62	Yale Willman	\N	30
63	Ginger Fladgate	\N	31
64	Rolando Ashley	\N	32
65	Cleavland Burgh	\N	33
66	Skell Aldhouse	\N	34
67	Gardener Upex	\N	35
68	Josias Sellor	\N	36
69	Celie Macourek	\N	37
70	Padriac Ruselin	\N	38
71	Inglis Sailes	\N	39
72	Lorrayne St Leger	\N	40
73	Tades Sherrell	\N	41
74	Hilda Oxlade	\N	42
75	Michele Verney	\N	43
76	Piotr Mason	\N	44
77	Hobart Miere	\N	45
78	Carce Cisec	\N	46
79	Veronica Donovin	\N	47
80	Hillie Kidde	\N	48
81	Baldwin Bigby	\N	49
82	Laurel Brugger	\N	50
83	Moshe Serginson	\N	51
84	Isaiah Sneyd	\N	52
85	Pamella Skelton	\N	53
86	Merrile Whitefoot	\N	54
87	Wendy McCutheon	\N	55
88	Albie Glasser	\N	56
89	Claudell Hanratty	\N	57
90	Oates Parkman	\N	58
91	Harv Fayerbrother	\N	59
92	Zared Hise	\N	60
93	Aristotle Breakwell	\N	61
94	Atalanta Cowe	\N	62
95	Sarita Geoghegan	\N	63
96	Joachim Qualtro	\N	64
97	Freddie Rees	\N	65
98	Bethena Archbell	\N	66
99	Jamill Staves	\N	67
100	Verney Ilsley	\N	68
101	Nita Quenell	\N	69
102	Alia Setterfield	\N	70
103	Cindie Christoffels	\N	71
104	Shannah Dearnaley	\N	72
105	Pansie Tyt	\N	73
106	Carmelia Hamor	\N	74
107	Sandy Pickhaver	\N	75
108	Tally Crighton	\N	76
109	Sherlocke Jamme	\N	77
110	Meggy Snedker	\N	78
111	Alaster Cayet	\N	79
112	Maude Guion	\N	80
113	Alric Walak	\N	81
114	Danny Bindon	\N	82
115	Justino Eastgate	\N	83
116	Eyde Gullberg	\N	84
117	Calla Gudge	\N	85
118	Pammie Woolford	\N	86
119	Janine Fashion	\N	87
120	Margalo Rivaland	\N	88
121	Catina Delete	\N	89
122	Dallas Desouza	\N	90
123	Annamaria Leyfield	\N	91
124	Pearle Tupman	\N	92
125	Kaitlyn Lannen	\N	93
126	Louella Kelner	\N	94
127	Yvonne Flowerden	\N	95
128	Alano Bampford	\N	96
129	Augustin Skeermer	\N	97
130	Nissa Yggo	\N	98
131	Beulah McFetridge	\N	99
132	Bertrando Yerson	\N	100
133	Hans McNeely	\N	101
134	Kurtis Panter	\N	102
135	Morgan Ditts	\N	103
136	Jami Newell	\N	104
137	Worth Mabson	\N	105
138	Temple Gee	\N	106
139	Devlin Fettis	\N	107
140	Sayre Swainson	\N	108
141	Eloise Rosentholer	\N	109
142	Heidi Marchelli	\N	110
143	Neel Colpus	\N	111
144	Ashlee Onians	\N	112
145	Lonnie Cumberlidge	\N	113
146	Drusie Fitter	\N	114
147	Dixie Biggs	\N	115
148	Vick Cabble	\N	116
149	Waite Rominov	\N	117
150	Twyla Tuffrey	\N	118
151	Roxanne Cudworth	\N	119
152	Kermie Gavrielli	\N	120
153	Zea Skym	\N	121
154	Ansell Barhems	\N	122
155	North Angood	\N	123
156	Harrietta Lewens	\N	124
157	Kristan Bromehead	\N	125
158	Den Dearan	\N	126
159	Tan McGeachey	\N	127
160	Lyle Verner	\N	128
161	Bevan Risbridger	\N	129
162	Vitia Figgs	\N	130
163	Margalit Orcott	\N	131
164	Zane Fairweather	\N	132
165	Alick Garfath	\N	133
166	Fidelia Eykelbosch	\N	134
168	Hinda O'Spellissey	\N	135
169	Chet Pulley	\N	136
170	Zea Ripsher	\N	137
171	Ramonda Kitlee	\N	138
172	Doralia Fairfull	\N	139
173	Raddie Kinnen	\N	140
174	Jakie Branwhite	\N	141
175	Clarke Volke	\N	142
176	Melodie Burden	\N	143
177	Boony Van der Spohr	\N	144
178	Alec Gartery	\N	145
179	Alli Putley	\N	146
180	Hale Dunn	\N	147
181	Perri Strivens	\N	148
182	Fidelity Cluse	\N	149
183	Malvina Treverton	\N	150
184	Lee Venner	\N	151
185	Arron Spurier	\N	152
186	Gianna Bedingfield	\N	153
187	Nicoli Spacie	\N	154
188	Frederick Rilston	\N	155
189	Pattie Ruzic	\N	156
190	Zeke Triplet	\N	157
191	Willdon Maplesden	\N	158
192	Teddie Simmons	\N	159
193	Milzie Heis	\N	160
194	Lynea Teece	\N	161
195	Kaja Buggs	\N	162
196	Roseline Battey	\N	163
197	Lanny Loveredge	\N	164
198	Albertina Alessandrini	\N	165
199	Philippe Giffaut	\N	166
200	Cynthea Ginman	\N	167
201	Austen Becraft	\N	168
202	Edin Skews	\N	169
203	Dore Northley	\N	170
204	Blake Fallen	\N	171
205	Georgeanne Blankley	\N	172
206	Glenn Baverstock	\N	173
207	Catriona Darmody	\N	174
208	Tailor Gladman	\N	175
209	Lyda MacCumiskey	\N	176
210	Kirby Beedle	\N	177
211	Kenneth Hulle	\N	178
212	Thekla Ketley	\N	179
213	Kayle Haire	\N	180
214	Rowen Olyunin	\N	181
215	Jerrome Pumphrey	\N	182
216	Renie Karpfen	\N	183
217	Lane Waldron	\N	184
218	Ewen Ashfold	\N	185
219	Shaylah Malby	\N	186
220	Corie Luckett	\N	187
221	Truda Bowker	\N	188
222	Grace Breeton	\N	189
223	Sandye Wisson	\N	190
224	Vally Lingwood	\N	191
225	Rhiamon Avrasin	\N	192
226	Nesta Chiverton	\N	193
227	Goran Dearnaley	\N	194
228	Jozef Stourton	\N	195
229	Hewie Wilbor	\N	196
230	Fanni Pahler	\N	197
231	Mylo Gilcrist	\N	198
232	Raynell Demangeot	\N	199
233	Birgit Shelley	\N	200
234	Isadora Clubb	\N	201
235	Erina Fancett	\N	202
236	Goldy McCrory	\N	203
237	Costanza Harrell	\N	204
238	Harriett Tigwell	\N	205
239	Markus Abba	\N	206
240	Meir Braunes	\N	207
241	Carmon Noon	\N	208
242	Consalve De Lascy	\N	209
243	Angelika Fairnie	\N	210
244	Tremayne Harrowell	\N	211
245	Neal O'Brollachain	\N	212
247	Mauricio Ranklin	\N	213
248	Bonnibelle Rothschild	\N	214
249	Adelaida Cow	\N	215
250	Daffy Duckham	\N	216
251	Hermione Aguirrezabal	\N	217
252	Jessy Babcock	\N	218
253	Kathleen Speechley	\N	219
254	Nanette Werrilow	\N	220
255	Bail Giblett	\N	221
256	Brok Middiff	\N	222
257	Marena Duckwith	\N	223
258	Lloyd Sprigings	\N	224
259	Cele Darcy	\N	225
260	Othilia Grewe	\N	226
261	Alano Marchi	\N	227
262	Othelia Pellew	\N	228
263	Bradley Goering	\N	229
264	Kassandra Rounsefell	\N	230
265	Kilian Dartan	\N	231
266	Perkin MacClure	\N	232
267	Archer Kalinsky	\N	233
268	Gleda Henrych	\N	234
269	Chip Spurman	\N	235
270	Penelope Haxby	\N	236
271	Leslie Dethloff	\N	237
272	Fred Bischoff	\N	238
273	Adlai Heugh	\N	239
274	Simmonds Frangello	\N	240
275	Sheppard Morley	\N	241
276	Jsandye O'Luby	\N	242
277	Alvinia Lodo	\N	243
278	Sam Skyram	\N	244
279	Sharleen Daley	\N	245
280	Amby Landsborough	\N	246
281	Ramsey Cains	\N	247
282	Desi Webb	\N	248
283	Franky Cattemull	\N	249
284	Aubrie Uttley	\N	250
285	Tye Powlesland	\N	251
286	Luther Punton	\N	252
287	Melantha Dyke	\N	253
288	Alyse Redmell	\N	254
289	Cherie Pearlman	\N	255
290	Maia Lermit	\N	256
291	Cass Bill	\N	257
292	Whitaker Shine	\N	258
293	Lynett Rittmeier	\N	259
294	Brade Druhan	\N	260
295	Lavina Joskovitch	\N	261
296	Zia Gutch	\N	262
297	Julienne Maffy	\N	263
298	Evelyn Lathom	\N	264
299	Shelby Koomar	\N	265
300	Angel Bernhardt	\N	266
301	Mady Lippiett	\N	267
302	Armand Maccaddie	\N	268
303	Konstantin Suffe	\N	269
304	Darcee Corns	\N	270
305	Alessandro Claybourne	\N	271
306	Godard Carse	\N	272
307	Myrtice Trewhella	\N	273
308	Desdemona Whetnell	\N	274
309	Florence Pyatt	\N	275
310	Payton Bettison	\N	276
311	Kane Strotone	\N	277
312	Paulie Dosedale	\N	278
313	Cory Yerlett	\N	279
314	Jaynell Seeler	\N	280
315	Lori Dofty	\N	281
316	Herve Pennyman	\N	282
317	Dewie McMichael	\N	283
318	Judye Lavens	\N	284
319	Daryl Spohrmann	\N	285
320	Hana Brushneen	\N	286
321	Kelsey Leger	\N	287
322	Sophia Whylie	\N	288
323	Ninetta Collopy	\N	289
324	Kain ducarme	\N	290
325	Cindie Kasparski	\N	291
326	Zollie Fleeman	\N	292
327	Cherri Benjafield	\N	293
328	Jena Davis	\N	294
329	Grover Spadollini	\N	295
330	Avril Kleuer	\N	296
331	Bobbye Romanetti	\N	297
332	Alane Rowles	\N	298
333	Orin Spaxman	\N	299
334	Judy Tommeo	\N	300
335	Al Ondrousek	\N	301
336	Isabeau Zeale	\N	302
337	Odey Minguet	\N	303
339	Malvin de Tocqueville	\N	304
340	Tybalt Pover	\N	305
341	Seka Tettersell	\N	306
342	Neale Raynard	\N	307
343	Shoshana Hardstaff	\N	308
344	Betty Peyes	\N	309
345	Thomas McCobb	\N	310
346	Mead Donhardt	\N	311
347	Kaile Joust	\N	312
348	Wileen Cawsby	\N	313
349	Nev Colborn	\N	314
350	Kathleen Crut	\N	315
351	Ferrel Guthrie	\N	316
352	Silvana Ishchenko	\N	317
353	Lothaire Spavon	\N	318
354	Bettye Dudhill	\N	319
355	Emilee Lamb-shine	\N	320
356	Beverlee Blabber	\N	321
357	Katee Carslaw	\N	322
358	Cos McCambridge	\N	323
359	Vonny Rose	\N	324
360	Jorry Pessler	\N	325
361	Joanna Matitiaho	\N	326
362	Birgitta Matzke	\N	327
363	Tito Chazier	\N	328
364	Lonee Laidler	\N	329
365	Orton Bleier	\N	330
366	Anna-diane Robbings	\N	331
367	Jewell Studart	\N	332
368	Demetris Kinnaird	\N	333
369	Roobbie Normansell	\N	334
370	Amity Cleary	\N	335
371	Zacharia Lorkin	\N	336
372	Eben Dobrowski	\N	337
373	Phillis Beney	\N	338
374	Roderich Orton	\N	339
375	Vergil Donizeau	\N	340
376	Silvanus Fontaine	\N	341
377	Stavro Sheekey	\N	342
378	Penny Carruthers	\N	343
379	Conchita Enright	\N	344
380	Rosana Trineman	\N	345
381	Grady Margrett	\N	346
382	Burl Hamby	\N	347
383	Carlene Cowley	\N	348
384	Curtice Tilt	\N	349
385	Cecilla Dykas	\N	350
386	Agustin Gawith	\N	351
387	Colin Britner	\N	352
388	Kerri Dossettor	\N	353
389	Evered Kidstone	\N	354
390	Maible Wartonby	\N	355
391	Gawen Ebourne	\N	356
392	Flem Dibben	\N	357
393	Justus Donaway	\N	358
394	Clement Futter	\N	359
395	Pepi Paaso	\N	360
396	Meade Mantle	\N	361
397	Devin Worthy	\N	362
398	Ashlan Lecky	\N	363
399	Adrian Cubbin	\N	364
400	Aili Geator	\N	365
401	Iain Lanigan	\N	366
402	Betteann Moreinu	\N	367
403	Hadlee Knightsbridge	\N	368
404	Anjanette Hukin	\N	369
405	Tommie Krinks	\N	370
406	Carry Treacher	\N	371
407	Gregorius Haugeh	\N	372
408	Quintin Gant	\N	373
409	Malvin Scawen	\N	374
410	Louie Idell	\N	375
411	Dorrie Gurys	\N	376
412	Angie Medlar	\N	377
413	Alyosha Schelle	\N	378
414	Andee Libri	\N	379
415	Gerianne Samet	\N	380
416	Calli Maxworthy	\N	381
417	Dylan Stormes	\N	382
418	Gun Lotwich	\N	383
419	Whit Labarre	\N	384
420	Dinah Dillingham	\N	385
421	Palmer Ummfrey	\N	386
422	Almeta Drinnan	\N	387
423	Sergent Beebe	\N	388
424	Aubrette Pohls	\N	389
425	Jeremiah Duchart	\N	390
426	Mickie Newarte	\N	391
427	Jsandye Flahy	\N	392
428	Fay Kimmings	\N	393
429	Mimi McAlester	\N	394
430	Elli Grand	\N	395
3	Ellen Pryke	\N	397
4	Margit Dougher	\N	398
5	Valeria Iacofo	\N	399
7	Arabella Shirley	\N	401
8	Shawnee Cordelle	\N	402
9	Delila Roo	\N	403
10	Reube Tompkin	\N	404
11	Hasty Chalcot	\N	405
12	Thor Smartman	\N	406
13	Duffie Siemantel	\N	407
14	Grayce Dourin	\N	408
15	Noah Hennemann	\N	409
16	Alphard Jandac	\N	410
17	Zorine Baitson	\N	411
18	Cross Marklin	\N	412
19	Ade Ginn	\N	413
20	Quinlan Brazel	\N	414
21	Ryun Trembath	\N	415
22	Melisande Monkman	\N	416
23	Dorolice McTrustie	\N	417
25	Antonia Slowcock	\N	419
26	Yolanthe Venard	\N	420
27	Hyacintha Rollins	\N	421
28	Napoleon Kenafaque	\N	422
29	Seline Oag	\N	423
30	Friedrich Berget	\N	424
31	Prudy Southwick	\N	425
32	Sheila-kathryn Rammell	\N	426
33	Glenn Vogele	\N	427
431	Verney Surgey	\N	428
432	Mikel Silvester	\N	429
433	Jammie Woodeson	\N	430
434	Maurise Stut	\N	431
435	Devlin Goodin	\N	432
436	Sandor McFee	\N	433
437	Sol Pellissier	\N	434
438	Kane Senn	\N	435
439	Ermanno Scorah	\N	436
440	Horst Grave	\N	437
441	Ram Stoeckle	\N	438
442	Cariotta Kindley	\N	439
443	Edwin Kits	\N	440
444	Neddie Boles	\N	441
445	Dniren Instock	\N	442
446	Simone Richings	\N	443
447	Edwina Pleace	\N	444
448	Bryce Hovington	\N	445
449	Sonnie Thompkins	\N	446
450	Letta Center	\N	447
451	Verney House	\N	448
452	Job Mair	\N	449
453	Marcille Dudin	\N	450
454	Tobe Levison	\N	451
455	Harlan Frane	\N	452
456	Malcolm Cranshaw	\N	453
457	Carce Galey	\N	454
458	Madeline Wordsley	\N	455
34	Nickolas Leifer	\N	456
246	Silvana Martugin	\N	457
459	Travis Lehrer	\N	458
460	Garrard Arrol	\N	459
461	Wyn Paulat	\N	460
462	Harriet Dyster	\N	461
463	Anna-diana Holgan	\N	462
464	Maryjane Fransewich	\N	463
465	Cale Redpath	\N	464
466	Ethel Goroni	\N	465
467	Cynthie Tregidgo	\N	466
468	Emeline Pocke	\N	467
469	Ulla Sears	\N	468
470	Jordain Claypoole	\N	469
471	Abran Campbell-Dunlop	\N	470
472	Rena Duckerin	\N	471
473	Pepito Ackerley	\N	472
474	Gretta Adie	\N	473
475	Heidie Horsell	\N	474
476	Christin Proswell	\N	475
477	Drud Gillingham	\N	476
478	Zacharie Lavallin	\N	477
479	Hobard Godbald	\N	478
480	Geri Francom	\N	479
481	Karl Wiggett	\N	480
482	Base Treend	\N	481
483	Glynda Silly	\N	482
484	Rosella Dibdall	\N	483
485	Junette Botwright	\N	484
486	Hall Boscott	\N	485
487	Liva Gomby	\N	486
488	Collen Mullaly	\N	487
489	Enrika Anfonsi	\N	488
490	Cinnamon Levi	\N	489
491	Sibelle Godbehere	\N	490
492	Retha Ghost	\N	491
493	Deane Shoubridge	\N	492
494	De Leport	\N	493
495	Neils Menier	\N	494
496	Tanner Yoskowitz	\N	495
497	Frasquito Paolinelli	\N	496
498	Roman Fawks	\N	497
500	Celesta Meller	\N	498
499	Florinda Eddoes	21.5	499
1	Martha Della Scala	20.5	500
6	Lucia Eddison	20	400
24	Birdie Goodenough	7	418
2	Wendeline Moncur	46	396
\.


--
-- TOC entry 4801 (class 0 OID 16389)
-- Dependencies: 217
-- Data for Name: client; Type: TABLE DATA; Schema: public; Owner: postgres
--

COPY public.client (id, full_name, pasport, account, phone_number, email, name) FROM stdin;
1	Martha Della Scala	5446 012425	60667877233621800668	+30 (686) 442-4853	mdella0@smh.com.au	\N
2	Wendeline Moncur	0874 034650	34887624526169452884	+381 (563) 518-2343	wmoncur1@intel.com	\N
3	Ellen Pryke	9364 838475	77671595208646806857	+62 (854) 886-3439	epryke2@yale.edu	\N
4	Margit Dougher	1370 771274	82444352189940940622	+57 (218) 875-1251	mdougher3@usa.gov	\N
5	Valeria Iacofo	6499 270417	57347834594821723718	+51 (253) 766-3609	viacofo4@scribd.com	\N
6	Lucia Eddison	0626 296877	51726236404478392102	+86 (968) 672-1416	leddison5@vimeo.com	\N
7	Arabella Shirley	5742 858607	78970210606894096385	+51 (882) 786-0790	ashirley6@goo.ne.jp	\N
8	Shawnee Cordelle	8770 730966	60341885951852224300	+86 (188) 801-2857	scordelle7@4shared.com	\N
9	Delila Roo	0622 441902	90661627157020672874	+52 (490) 412-6086	droo8@desdev.cn	\N
10	Reube Tompkin	9250 535671	33788131027744274088	+250 (389) 677-9636	rtompkin9@phpbb.com	\N
11	Hasty Chalcot	4738 472208	03763020400327188225	+252 (979) 248-3427	hchalcota@google.cn	\N
12	Thor Smartman	7447 815724	87253451453966565482	+57 (409) 347-1832	tsmartmanb@epa.gov	\N
13	Duffie Siemantel	7130 741217	17983720022324771168	+62 (349) 555-2720	dsiemantelc@themeforest.net	\N
14	Grayce Dourin	5806 902803	73606484889576357239	+48 (848) 702-1749	gdourind@wikia.com	\N
15	Noah Hennemann	3990 260640	65742610344697489127	+86 (719) 817-0589	nhennemanne@mediafire.com	\N
16	Alphard Jandac	5293 593307	30782451912774190893	+996 (752) 128-5845	ajandacf@jalbum.net	\N
17	Zorine Baitson	4516 529643	43685269568950914750	+82 (653) 965-9653	zbaitsong@umn.edu	\N
18	Cross Marklin	8256 591852	58861978192456938142	+86 (223) 389-3888	cmarklinh@homestead.com	\N
19	Ade Ginn	8377 357533	14293464037690941466	+33 (576) 433-5208	aginni@themeforest.net	\N
20	Quinlan Brazel	0616 020991	27974464333428226897	+33 (732) 618-3681	qbrazelj@marriott.com	\N
21	Ryun Trembath	6269 796489	45369379971794506472	+54 (590) 617-7351	rtrembathk@flickr.com	\N
22	Melisande Monkman	8106 628028	36099915707939621399	+62 (168) 707-4851	mmonkmanl@weibo.com	\N
23	Dorolice McTrustie	0618 395007	47057764572926923321	+66 (568) 249-4814	dmctrustiem@foxnews.com	\N
24	Birdie Goodenough	7494 689438	17512004549035244305	+66 (914) 913-4953	bgoodenoughn@github.io	\N
25	Antonia Slowcock	3364 677696	47470732676470518299	+30 (243) 699-6325	aslowcocko@skype.com	\N
26	Yolanthe Venard	4922 481811	21666344602368509949	+62 (126) 581-5978	yvenardp@nifty.com	\N
27	Hyacintha Rollins	6412 747617	11746386866901199039	+54 (932) 923-8562	hrollinsq@godaddy.com	\N
28	Napoleon Kenafaque	5285 425807	25052494614193545663	+51 (675) 509-4194	nkenafaquer@live.com	\N
29	Seline Oag	3852 569538	85165833194015985762	+86 (364) 773-0790	soags@noaa.gov	\N
30	Friedrich Berget	0235 493258	52885417586463876691	+503 (162) 346-4610	fbergett@dailymail.co.uk	\N
31	Prudy Southwick	5517 173338	50113953829307375139	+86 (113) 866-4707	psouthwicku@is.gd	\N
32	Sheila-kathryn Rammell	4802 567575	49095756519837008756	+86 (865) 820-7684	srammellv@lycos.com	\N
33	Glenn Vogele	7602 371744	10786366763004131243	+86 (723) 510-5264	gvogelew@cpanel.net	\N
34	Nickolas Leifer	1109 654693	62860406240675548003	+55 (509) 707-5957	nleiferx@sun.com	\N
35	Nicol Harrigan	2320 351726	46165831990675533084	+1 (987) 145-7147	nharrigany@state.gov	\N
36	Sukey Cobb	3732 222980	03320321178891210508	+420 (148) 460-2032	scobbz@moonfruit.com	\N
37	Charmaine Lansdowne	9563 197269	46905193258872420079	+7 (137) 618-0170	clansdowne10@guardian.co.uk	\N
38	Zena Fashion	0018 446361	09916672161975202148	+81 (736) 224-6379	zfashion11@unc.edu	\N
39	Jorie Meriott	3115 931298	03977056593969010677	+55 (810) 231-2793	jmeriott12@cnet.com	\N
40	Rochelle Madgett	8475 848833	62271054978100306622	+34 (541) 360-4178	rmadgett13@wiley.com	\N
41	Biron Voss	8294 280895	52869313242029245099	+351 (889) 167-4715	bvoss14@opensource.org	\N
42	Julianne Pilbeam	9130 143026	05989981800689725027	+380 (268) 180-0366	jpilbeam15@amazon.de	\N
43	Leonanie Adam	2181 614256	52321180396312064237	+86 (652) 599-6579	ladam16@state.tx.us	\N
44	Ellerey Colam	3428 663975	10146305752360209250	+62 (513) 103-4289	ecolam17@hp.com	\N
45	Karylin Wenzel	6078 858389	26344801856193749423	+380 (442) 515-5007	kwenzel18@themeforest.net	\N
46	Brion Pipping	6546 819497	26280965136402676431	+7 (964) 554-6026	bpipping19@hibu.com	\N
47	Reina Bocke	4783 559938	43031090400229680952	+66 (445) 279-3464	rbocke1a@cocolog-nifty.com	\N
48	Lyndel Ennals	2608 550918	69747176806989730116	+62 (584) 967-1815	lennals1b@cargocollective.com	\N
49	Ransell Rummer	8061 942221	76505427381613670501	+86 (832) 884-2183	rrummer1c@furl.net	\N
50	Alene Berard	4272 016650	05774927034243254867	+680 (271) 484-3204	aberard1d@odnoklassniki.ru	\N
51	Eloisa Culshew	1952 053596	01730032723487333506	+967 (778) 181-7424	eculshew1e@paginegialle.it	\N
52	Susie Stansfield	1964 308451	83169454408059021785	+86 (135) 790-6769	sstansfield1f@flickr.com	\N
53	Connie Noto	9906 478365	31837362376025521325	+62 (639) 189-5516	cnoto1g@prlog.org	\N
54	Alison Incogna	2359 339066	99430717767518291678	+33 (807) 355-8932	aincogna1h@disqus.com	\N
55	Federica Kalaher	4294 898634	09089915457767241100	+94 (128) 119-0980	fkalaher1i@craigslist.org	\N
56	Neely Ruff	2318 371239	52551580363947471400	+55 (641) 181-5537	nruff1j@ustream.tv	\N
57	Gillie Currm	4815 119934	21122136490755785119	+81 (379) 867-9507	gcurrm1k@hubpages.com	\N
58	Norrie Klosges	5371 807714	25866192371802886622	+86 (719) 554-8445	nklosges1l@domainmarket.com	\N
59	Chrystel Dunderdale	6482 473438	25323163760610647180	+55 (535) 680-0726	cdunderdale1m@about.me	\N
60	Adelbert Onele	6462 023045	27033959161670151009	+1 (253) 559-2243	aonele1n@istockphoto.com	\N
61	Dael Bracer	1886 425144	05644653614214156383	+55 (126) 886-2078	dbracer1o@utexas.edu	\N
62	Yale Willman	9402 965521	65163992771100785529	+55 (659) 698-2173	ywillman1p@wunderground.com	\N
63	Ginger Fladgate	3065 414482	80717973634983478737	+93 (649) 283-1558	gfladgate1q@kickstarter.com	\N
64	Rolando Ashley	0893 024243	25934614529270525617	+63 (867) 991-8145	rashley1r@rakuten.co.jp	\N
65	Cleavland Burgh	0796 070603	04556969014942532198	+62 (722) 230-5571	cburgh1s@psu.edu	\N
66	Skell Aldhouse	6921 020782	46788815692316475052	+255 (717) 335-3972	saldhouse1t@sitemeter.com	\N
67	Gardener Upex	2573 916219	89475000728129980989	+46 (908) 678-0235	gupex1u@npr.org	\N
68	Josias Sellor	7488 656873	56398570162907832761	+46 (799) 948-6433	jsellor1v@gizmodo.com	\N
69	Celie Macourek	6155 312224	54364076241311537977	+386 (294) 728-2576	cmacourek1w@slashdot.org	\N
70	Padriac Ruselin	0640 704127	03474258259938688388	+81 (854) 649-1386	pruselin1x@etsy.com	\N
71	Inglis Sailes	9651 766191	14039674538615599102	+263 (532) 123-5977	isailes1y@people.com.cn	\N
72	Lorrayne St Leger	9905 631685	05729333648347703798	+84 (732) 978-2508	lst1z@eepurl.com	\N
73	Tades Sherrell	4494 862584	34144857403525509992	+351 (693) 748-6332	tsherrell20@opera.com	\N
74	Hilda Oxlade	8987 065248	96497851341578904116	+48 (469) 206-4082	hoxlade21@reuters.com	\N
75	Michele Verney	4904 379758	01602263072506828991	+86 (696) 388-9273	mverney22@acquirethisname.com	\N
76	Piotr Mason	1676 855916	70788682441764666817	+86 (105) 985-3973	pmason23@ed.gov	\N
77	Hobart Miere	3451 241387	65658125989897246906	+62 (461) 833-0136	hmiere24@miibeian.gov.cn	\N
78	Carce Cisec	0807 154702	12174054353993575590	+86 (224) 611-5023	ccisec25@nbcnews.com	\N
79	Veronica Donovin	5390 904796	02240417940527295422	+51 (624) 349-3777	vdonovin26@vkontakte.ru	\N
80	Hillie Kidde	4397 216489	15159061059860639820	+63 (834) 736-2950	hkidde27@elpais.com	\N
81	Baldwin Bigby	7485 051394	76973271324136024201	+358 (674) 268-7680	bbigby28@utexas.edu	\N
82	Laurel Brugger	1582 881928	97573390826427367815	+420 (972) 912-3488	lbrugger29@wikimedia.org	\N
83	Moshe Serginson	4468 425876	59305297127070615234	+46 (785) 667-0710	mserginson2a@edublogs.org	\N
84	Isaiah Sneyd	1747 323607	96299512274312866348	+7 (442) 635-6674	isneyd2b@indiatimes.com	\N
85	Pamella Skelton	5368 187835	53486407487821911386	+82 (375) 964-1006	pskelton2c@youtube.com	\N
86	Merrile Whitefoot	0319 442924	14741347363856645746	+506 (700) 515-4412	mwhitefoot2d@businesswire.com	\N
87	Wendy McCutheon	8154 046137	66712579162944364274	+86 (819) 194-1057	wmccutheon2e@friendfeed.com	\N
88	Albie Glasser	3936 110118	89510847866516195423	+48 (723) 285-3864	aglasser2f@jalbum.net	\N
89	Claudell Hanratty	1372 890455	74280732725326618130	+51 (596) 856-6209	chanratty2g@studiopress.com	\N
90	Oates Parkman	3305 631013	20833017427659430532	+55 (974) 532-8273	oparkman2h@github.io	\N
91	Harv Fayerbrother	6154 355373	73409536959869555200	+7 (781) 563-2251	hfayerbrother2i@devhub.com	\N
92	Zared Hise	9047 726703	17790459810866777295	+86 (102) 547-8419	zhise2j@cbslocal.com	\N
93	Aristotle Breakwell	5325 683914	69929548708865995944	+62 (218) 398-5550	abreakwell2k@cbsnews.com	\N
94	Atalanta Cowe	7156 682550	85861305096293279698	+81 (166) 592-1208	acowe2l@usgs.gov	\N
95	Sarita Geoghegan	8646 585810	25549106117306671583	+63 (222) 983-7062	sgeoghegan2m@addtoany.com	\N
96	Joachim Qualtro	0020 235708	50652245236613911868	+380 (695) 195-6540	jqualtro2n@spiegel.de	\N
97	Freddie Rees	1106 987522	20557742555193144078	+850 (675) 617-2031	frees2o@google.es	\N
98	Bethena Archbell	9436 646956	82528489531744319523	+86 (181) 273-7811	barchbell2p@deliciousdays.com	\N
99	Jamill Staves	9840 896475	79296022910415381792	+62 (365) 817-9874	jstaves2q@wired.com	\N
100	Verney Ilsley	1049 293215	06407768618842083401	+86 (664) 312-7135	vilsley2r@nasa.gov	\N
101	Nita Quenell	7751 050970	55848667169260671032	+355 (166) 267-3194	nquenell2s@w3.org	\N
102	Alia Setterfield	5339 091281	03320026286901351880	+86 (142) 244-0623	asetterfield2t@princeton.edu	\N
103	Cindie Christoffels	5539 885221	82804964919697093049	+51 (289) 106-9073	cchristoffels2u@yelp.com	\N
104	Shannah Dearnaley	7174 414248	97995855192614628215	+220 (424) 980-6992	sdearnaley2v@domainmarket.com	\N
105	Pansie Tyt	5524 350067	03583560662107886753	+380 (528) 514-7561	ptyt2w@craigslist.org	\N
106	Carmelia Hamor	7109 607704	91697351151068389905	+86 (330) 600-0057	chamor2x@bandcamp.com	\N
107	Sandy Pickhaver	8086 208157	19406345482611056441	+267 (145) 230-8620	spickhaver2y@ucoz.com	\N
108	Tally Crighton	2919 276837	14040751107927124016	+63 (635) 572-8963	tcrighton2z@redcross.org	\N
109	Sherlocke Jamme	3827 818810	42033146153926677410	+1 (937) 149-4758	sjamme30@ustream.tv	\N
110	Meggy Snedker	0808 647744	50086711644686281684	+1 (785) 684-3995	msnedker31@bloglines.com	\N
111	Alaster Cayet	9388 735362	56252185091142575398	+351 (981) 534-6557	acayet32@ocn.ne.jp	\N
112	Maude Guion	1244 965138	57953442991046502745	+48 (821) 764-8367	mguion33@addthis.com	\N
113	Alric Walak	6528 003688	80440803378145359698	+970 (231) 396-4889	awalak34@cbslocal.com	\N
114	Danny Bindon	7732 237205	38428757865264757091	+86 (470) 406-6860	dbindon35@moonfruit.com	\N
115	Justino Eastgate	1654 170089	32087684498170018797	+261 (375) 401-6712	jeastgate36@nps.gov	\N
116	Eyde Gullberg	5250 409152	04148753104980098248	+57 (444) 996-2533	egullberg37@buzzfeed.com	\N
117	Calla Gudge	2206 668185	34255685561908704704	+86 (680) 243-4142	cgudge38@cisco.com	\N
118	Pammie Woolford	4449 956923	96303080859992182930	+351 (938) 232-3925	pwoolford39@spotify.com	\N
119	Janine Fashion	2251 526473	85807038171738245806	+7 (759) 371-5266	jfashion3a@bing.com	\N
120	Margalo Rivaland	3520 074494	30158457543814172008	+98 (762) 800-7375	mrivaland3b@discovery.com	\N
121	Catina Delete	1440 842375	18587738362524474955	+86 (235) 539-5770	cdelete3c@amazon.com	\N
122	Dallas Desouza	2282 723954	71485950275057002109	+48 (241) 344-1895	ddesouza3d@discuz.net	\N
123	Annamaria Leyfield	6195 183866	63966596356284385525	+86 (927) 344-7658	aleyfield3e@gmpg.org	\N
124	Pearle Tupman	9575 166533	25035845085074018493	+52 (451) 685-8079	ptupman3f@devhub.com	\N
125	Kaitlyn Lannen	8271 963254	70328020329370620482	+218 (444) 255-3404	klannen3g@gov.uk	\N
126	Louella Kelner	7893 664240	21354894979489473984	+60 (974) 993-0466	lkelner3h@dot.gov	\N
127	Yvonne Flowerden	6201 178307	40552006058292698864	+269 (884) 863-9999	yflowerden3i@naver.com	\N
128	Alano Bampford	1002 327027	38036565043553394102	+52 (363) 890-1756	abampford3j@domainmarket.com	\N
129	Augustin Skeermer	6497 263417	61417989709843165429	+48 (401) 535-6638	askeermer3k@parallels.com	\N
130	Nissa Yggo	1775 982908	49290098671776181253	+58 (971) 995-3715	nyggo3l@columbia.edu	\N
131	Beulah McFetridge	8314 072508	55286992920546741175	+63 (937) 555-9873	bmcfetridge3m@yelp.com	\N
132	Bertrando Yerson	7650 277583	28136209764067910216	+48 (455) 923-5973	byerson3n@cnn.com	\N
133	Hans McNeely	0254 176168	99385877641239390837	+55 (540) 779-0098	hmcneely3o@skype.com	\N
134	Kurtis Panter	9391 790716	71336431042650777418	+86 (351) 100-3387	kpanter3p@virginia.edu	\N
135	Morgan Ditts	1055 792605	07684693681201933803	+60 (901) 361-8292	mditts3q@is.gd	\N
136	Jami Newell	8274 629500	84618740977503430600	+51 (371) 182-5544	jnewell3r@adobe.com	\N
137	Worth Mabson	7029 813293	05723086259287737548	+7 (224) 111-3888	wmabson3s@amazon.co.uk	\N
138	Temple Gee	1837 073514	77799170878902849345	+86 (722) 233-7230	tgee3t@constantcontact.com	\N
139	Devlin Fettis	1941 715106	32407130666113941278	+1 (202) 432-3135	dfettis3u@ustream.tv	\N
140	Sayre Swainson	5637 661025	09460694595882476112	+66 (512) 796-0982	sswainson3v@howstuffworks.com	\N
141	Eloise Rosentholer	1281 228044	78962133135258618324	+7 (747) 865-7930	erosentholer3w@cdc.gov	\N
142	Heidi Marchelli	5498 490515	84665723177629033934	+48 (312) 857-8005	hmarchelli3x@discuz.net	\N
143	Neel Colpus	4912 755039	50876593372580774219	+63 (687) 795-6280	ncolpus3y@gov.uk	\N
144	Ashlee Onians	0794 033570	63776329429398700448	+86 (189) 848-5318	aonians3z@apache.org	\N
145	Lonnie Cumberlidge	8535 783639	81587209132596640636	+63 (924) 439-3853	lcumberlidge40@nps.gov	\N
146	Drusie Fitter	6947 480618	87026740176097161528	+62 (283) 507-3991	dfitter41@noaa.gov	\N
147	Dixie Biggs	2447 083241	44054818404346367212	+62 (949) 803-5168	dbiggs42@quantcast.com	\N
148	Vick Cabble	9234 108664	30382110252665968241	+970 (466) 422-9017	vcabble43@admin.ch	\N
149	Waite Rominov	1808 067970	60807685951682758279	+30 (755) 681-5277	wrominov44@dyndns.org	\N
150	Twyla Tuffrey	1068 612035	90536592737513331656	+86 (498) 845-5238	ttuffrey45@redcross.org	\N
151	Roxanne Cudworth	7951 460229	44302693562983568183	+62 (201) 128-8891	rcudworth46@wikispaces.com	\N
152	Kermie Gavrielli	5905 849718	34625509581175613774	+86 (821) 581-9804	kgavrielli47@over-blog.com	\N
153	Zea Skym	2802 858542	14445756642533323312	+236 (469) 959-5670	zskym48@ow.ly	\N
154	Ansell Barhems	5247 146900	89493697573856375367	+1 (205) 264-4697	abarhems49@ucsd.edu	\N
155	North Angood	7249 117691	85563169645591013000	+62 (557) 946-0998	nangood4a@unicef.org	\N
156	Harrietta Lewens	8598 688131	21132164155495611311	+7 (388) 380-2601	hlewens4b@globo.com	\N
157	Kristan Bromehead	8724 443006	61101043895185149762	+63 (698) 414-4173	kbromehead4c@arizona.edu	\N
158	Den Dearan	7312 727752	39980797973996648199	+86 (503) 314-6261	ddearan4d@hubpages.com	\N
159	Tan McGeachey	3605 034134	68418092847178570698	+81 (728) 894-1680	tmcgeachey4e@imgur.com	\N
160	Lyle Verner	5806 157520	54938180841928712723	+691 (573) 740-5734	lverner4f@aboutads.info	\N
161	Bevan Risbridger	3532 501064	49505070227063607691	+976 (811) 238-2416	brisbridger4g@ftc.gov	\N
162	Vitia Figgs	0128 640910	30633489986181999605	+359 (688) 418-0604	vfiggs4h@bluehost.com	\N
163	Margalit Orcott	0067 558098	03252325513741784144	+86 (428) 701-3074	morcott4i@dot.gov	\N
164	Zane Fairweather	1564 687697	38066275660600913478	+55 (995) 727-1963	zfairweather4j@uiuc.edu	\N
165	Alick Garfath	6046 781927	65504011778582454754	+593 (687) 282-4146	agarfath4k@eepurl.com	\N
166	Fidelia Eykelbosch	6959 056881	18369675088668116868	+63 (958) 587-4780	feykelbosch4l@nature.com	\N
167	Rakel Jayes	0370 342529	94595827644782077825	+48 (129) 363-0366	rjayes4m@google.com.br	\N
168	Hinda O'Spellissey	1034 910547	30925606084813966272	+380 (696) 679-0085	hospellissey4n@dion.ne.jp	\N
169	Chet Pulley	5287 264747	52093404388606109332	+380 (906) 946-8093	cpulley4o@umich.edu	\N
170	Zea Ripsher	9800 652400	08022091668254978384	+995 (430) 163-5436	zripsher4p@lulu.com	\N
171	Ramonda Kitlee	0039 639348	55511337881483900348	+66 (735) 693-3656	rkitlee4q@tuttocitta.it	\N
172	Doralia Fairfull	5609 395611	33364199788098291247	+62 (230) 128-8216	dfairfull4r@globo.com	\N
173	Raddie Kinnen	0811 347350	77075045798892718870	+51 (114) 703-7538	rkinnen4s@upenn.edu	\N
174	Jakie Branwhite	7157 121978	90665141673322887201	+86 (896) 111-6407	jbranwhite4t@soundcloud.com	\N
175	Clarke Volke	0893 267077	75121915715147552359	+86 (676) 399-4168	cvolke4u@t-online.de	\N
176	Melodie Burden	9195 178275	42110461659382782190	+972 (648) 152-7295	mburden4v@pen.io	\N
177	Boony Van der Spohr	2163 556223	15209797562241818689	+84 (294) 488-1156	bvan4w@gov.uk	\N
178	Alec Gartery	3829 619089	55746094367058186837	+62 (228) 868-8430	agartery4x@cisco.com	\N
179	Alli Putley	4899 793052	74351925594693099942	+55 (872) 398-6516	aputley4y@mapquest.com	\N
180	Hale Dunn	2152 109791	31760475130486811657	+49 (523) 865-3181	hdunn4z@reddit.com	\N
181	Perri Strivens	1434 935033	23009767763070654839	+86 (718) 515-6193	pstrivens50@bigcartel.com	\N
182	Fidelity Cluse	8497 150489	47108181615807156638	+352 (197) 627-6575	fcluse51@miitbeian.gov.cn	\N
183	Malvina Treverton	5448 613211	56144652354024125781	+81 (749) 731-2347	mtreverton52@google.com.br	\N
184	Lee Venner	7724 847280	98420045137499487355	+30 (829) 297-5982	lvenner53@list-manage.com	\N
185	Arron Spurier	2289 101695	39413061031422585052	+998 (988) 603-9283	aspurier54@t.co	\N
186	Gianna Bedingfield	1868 893058	79191581315857718200	+46 (962) 974-5841	gbedingfield55@jiathis.com	\N
187	Nicoli Spacie	7264 982539	50940874668380329023	+84 (213) 149-7319	nspacie56@webmd.com	\N
188	Frederick Rilston	8541 486162	31873344181384719582	+86 (140) 144-1762	frilston57@dmoz.org	\N
189	Pattie Ruzic	8236 921674	21623465364940402334	+976 (884) 481-9008	pruzic58@simplemachines.org	\N
190	Zeke Triplet	6450 172251	17078114931362327545	+358 (185) 188-4077	ztriplet59@e-recht24.de	\N
191	Willdon Maplesden	7992 859374	23513934400022419366	+381 (966) 752-6921	wmaplesden5a@photobucket.com	\N
192	Teddie Simmons	5410 108687	76734394724547564825	+86 (716) 856-3486	tsimmons5b@booking.com	\N
193	Milzie Heis	8782 806653	89001084898353342669	+1 (757) 483-5125	mheis5c@virginia.edu	\N
194	Lynea Teece	4815 317763	51032800339575733457	+46 (280) 857-7846	lteece5d@dailymotion.com	\N
195	Kaja Buggs	1386 758320	72260283506394542101	+420 (364) 390-3968	kbuggs5e@flickr.com	\N
196	Roseline Battey	9934 128869	04235137646348630305	+351 (270) 105-2078	rbattey5f@addthis.com	\N
197	Lanny Loveredge	0918 174902	31468403625789023432	+1 (303) 985-2410	lloveredge5g@flickr.com	\N
198	Albertina Alessandrini	3486 814912	47096556823514534146	+86 (257) 429-4126	aalessandrini5h@delicious.com	\N
199	Philippe Giffaut	7708 441575	91074962598396392194	+86 (746) 672-3289	pgiffaut5i@cbc.ca	\N
200	Cynthea Ginman	1799 737336	29119184038007195713	+55 (303) 912-6991	cginman5j@google.com.hk	\N
201	Austen Becraft	5734 707349	49672403172561610235	+380 (456) 225-0922	abecraft5k@globo.com	\N
202	Edin Skews	6276 014220	03814232233340786749	+507 (809) 804-7520	eskews5l@google.com	\N
203	Dore Northley	8068 250158	79474407553315180633	+66 (315) 908-2726	dnorthley5m@gov.uk	\N
204	Blake Fallen	9426 330242	76907896100610508792	+62 (618) 992-8686	bfallen5n@bloomberg.com	\N
205	Georgeanne Blankley	3732 698287	70266545000246726264	+1 (703) 503-2246	gblankley5o@issuu.com	\N
206	Glenn Baverstock	2240 899234	55674120156559216590	+359 (954) 650-6884	gbaverstock5p@answers.com	\N
207	Catriona Darmody	3401 163968	00969680082007268468	+375 (574) 792-1134	cdarmody5q@theglobeandmail.com	\N
208	Tailor Gladman	7954 777392	21095030571808941164	+66 (944) 817-2894	tgladman5r@cyberchimps.com	\N
209	Lyda MacCumiskey	0582 452201	02799095872968521770	+351 (800) 475-9778	lmaccumiskey5s@vimeo.com	\N
210	Kirby Beedle	8405 852277	47619193752833052133	+351 (137) 601-7122	kbeedle5t@google.co.jp	\N
211	Kenneth Hulle	7774 017285	18328165530218124636	+57 (641) 631-8133	khulle5u@sohu.com	\N
212	Thekla Ketley	6953 865373	64360203423483221938	+86 (535) 716-7939	tketley5v@twitpic.com	\N
213	Kayle Haire	3001 977470	47181663792069928265	+98 (551) 511-5376	khaire5w@microsoft.com	\N
214	Rowen Olyunin	4539 606211	56191932296147031137	+84 (430) 138-8842	rolyunin5x@feedburner.com	\N
215	Jerrome Pumphrey	1631 176172	86558714682356200679	+62 (480) 811-0130	jpumphrey5y@scribd.com	\N
216	Renie Karpfen	9262 660120	63548606473160095801	+81 (960) 811-5865	rkarpfen5z@yellowpages.com	\N
217	Lane Waldron	9455 455791	40097663002210463248	+62 (159) 898-7006	lwaldron60@typepad.com	\N
218	Ewen Ashfold	7077 481946	23256060727442878535	+976 (657) 741-8820	eashfold61@hhs.gov	\N
219	Shaylah Malby	4529 218146	77448239965636973529	+84 (735) 598-8784	smalby62@yahoo.co.jp	\N
220	Corie Luckett	7080 634881	37267220539449078891	+357 (851) 968-9640	cluckett63@nationalgeographic.com	\N
221	Truda Bowker	8685 441265	14081654651384688734	+351 (595) 119-5851	tbowker64@tuttocitta.it	\N
222	Grace Breeton	2631 970008	18024594306968493639	+58 (126) 216-7356	gbreeton65@pcworld.com	\N
223	Sandye Wisson	5079 816830	68123978803724244577	+86 (697) 141-3451	swisson66@amazon.co.uk	\N
224	Vally Lingwood	5255 092969	26535043769731320897	+30 (107) 703-2977	vlingwood67@toplist.cz	\N
225	Rhiamon Avrasin	9753 109864	16709777644158809778	+269 (547) 583-8883	ravrasin68@admin.ch	\N
226	Nesta Chiverton	4989 773745	24491392335650455585	+86 (167) 950-5213	nchiverton69@oracle.com	\N
227	Goran Dearnaley	1052 415822	21025443029526129170	+7 (106) 483-1796	gdearnaley6a@homestead.com	\N
228	Jozef Stourton	4845 686863	07371793012065064760	+55 (158) 685-8405	jstourton6b@unblog.fr	\N
229	Hewie Wilbor	4316 005422	10455853994021502549	+970 (730) 239-2897	hwilbor6c@cmu.edu	\N
230	Fanni Pahler	2118 912729	65811286424512339056	+27 (789) 639-5733	fpahler6d@fda.gov	\N
231	Mylo Gilcrist	3593 000670	30943822920063932764	+353 (291) 611-2908	mgilcrist6e@prweb.com	\N
232	Raynell Demangeot	3300 196257	65002303695758348839	+46 (761) 339-5475	rdemangeot6f@omniture.com	\N
233	Birgit Shelley	8407 212849	08000620577164629641	+93 (348) 636-6439	bshelley6g@paginegialle.it	\N
234	Isadora Clubb	2171 357672	52904481484452451779	+86 (258) 357-5211	iclubb6h@businesswire.com	\N
235	Erina Fancett	3743 669919	94314781895262711587	+55 (605) 313-5119	efancett6i@wunderground.com	\N
236	Goldy McCrory	6070 891275	14464162239367651002	+63 (130) 258-6667	gmccrory6j@shinystat.com	\N
237	Costanza Harrell	4511 051660	83828495516890429712	+353 (978) 973-6094	charrell6k@businesswire.com	\N
238	Harriett Tigwell	6211 224215	31343489047668641843	+63 (942) 760-5862	htigwell6l@google.ru	\N
239	Markus Abba	0263 337503	18986651776267799546	+7 (370) 237-6361	mabba6m@bloglovin.com	\N
240	Meir Braunes	8375 957955	60510015170655074396	+86 (799) 382-1300	mbraunes6n@boston.com	\N
241	Carmon Noon	6057 726151	06556708127610844293	+48 (659) 995-9854	cnoon6o@dmoz.org	\N
242	Consalve De Lascy	3273 026857	95504813992822211409	+95 (186) 793-4587	cde6p@eventbrite.com	\N
243	Angelika Fairnie	2037 449795	72164312323306631183	+385 (475) 554-0921	afairnie6q@nba.com	\N
244	Tremayne Harrowell	8713 285332	49098403270717773162	+49 (227) 389-9158	tharrowell6r@pen.io	\N
245	Neal O'Brollachain	8625 124967	63813241690474091380	+380 (620) 371-2283	nobrollachain6s@hc360.com	\N
246	Silvana Martugin	7473 534212	15165366630386023274	+86 (638) 880-3217	smartugin6t@ovh.net	\N
247	Mauricio Ranklin	1819 812299	69687497802673376467	+55 (434) 122-8802	mranklin6u@gmpg.org	\N
248	Bonnibelle Rothschild	9048 236713	33480269016765866786	+507 (732) 821-2294	brothschild6v@miibeian.gov.cn	\N
249	Adelaida Cow	5934 607082	90664632943935606644	+62 (516) 447-3100	acow6w@youtube.com	\N
250	Daffy Duckham	8065 169974	45170553157300315139	+48 (574) 865-4032	dduckham6x@csmonitor.com	\N
251	Hermione Aguirrezabal	3741 017283	31943917156229457358	+86 (892) 626-9016	haguirrezabal6y@utexas.edu	\N
252	Jessy Babcock	4563 622866	70450800925582766463	+257 (512) 674-6228	jbabcock6z@kickstarter.com	\N
253	Kathleen Speechley	1484 560951	40547966325072812017	+55 (688) 715-0428	kspeechley70@ehow.com	\N
254	Nanette Werrilow	7787 205843	52614286305807872337	+7 (725) 208-8353	nwerrilow71@prlog.org	\N
255	Bail Giblett	1421 360989	10478622386691506474	+7 (342) 236-2518	bgiblett72@usgs.gov	\N
256	Brok Middiff	2501 738089	91872205361355676221	+27 (767) 961-6256	bmiddiff73@google.it	\N
257	Marena Duckwith	1981 437101	68339304851638255209	+46 (494) 882-2812	mduckwith74@tinyurl.com	\N
258	Lloyd Sprigings	6665 880331	81780592305561026763	+218 (773) 902-8044	lsprigings75@businessinsider.com	\N
259	Cele Darcy	0635 153249	46078292713983910282	+86 (424) 403-7432	cdarcy76@cnbc.com	\N
260	Othilia Grewe	3464 403984	70510264629332365876	+86 (597) 924-9161	ogrewe77@qq.com	\N
261	Alano Marchi	2202 666708	59839099574128040817	+66 (163) 162-4732	amarchi78@disqus.com	\N
262	Othelia Pellew	7972 085334	08924907232595878917	+86 (283) 416-8415	opellew79@taobao.com	\N
263	Bradley Goering	8974 980064	18464948114482804082	+351 (566) 140-2783	bgoering7a@storify.com	\N
264	Kassandra Rounsefell	4079 925580	17945431037809390261	+86 (238) 119-1777	krounsefell7b@storify.com	\N
265	Kilian Dartan	4594 548564	92390462096737411853	+57 (658) 328-8489	kdartan7c@amazon.co.jp	\N
266	Perkin MacClure	6592 609899	53362884202543594460	+351 (482) 296-3627	pmacclure7d@sitemeter.com	\N
267	Archer Kalinsky	3320 555969	24360427477526060672	+92 (562) 276-2270	akalinsky7e@themeforest.net	\N
268	Gleda Henrych	6275 553344	44794457512807596152	+49 (732) 446-9343	ghenrych7f@tiny.cc	\N
269	Chip Spurman	9935 317154	64952814371409759632	+256 (714) 827-4633	cspurman7g@ifeng.com	\N
270	Penelope Haxby	7060 725966	60747131154308300166	+1 (971) 468-8686	phaxby7h@nba.com	\N
271	Leslie Dethloff	3931 251553	53560877280481739254	+86 (484) 784-5268	ldethloff7i@utexas.edu	\N
272	Fred Bischoff	0276 039676	15720496398363096272	+30 (672) 404-6553	fbischoff7j@netscape.com	\N
273	Adlai Heugh	0846 439496	28046416125340763977	+7 (755) 915-2194	aheugh7k@furl.net	\N
274	Simmonds Frangello	8039 341715	19154826706516854442	+46 (301) 340-3222	sfrangello7l@hostgator.com	\N
275	Sheppard Morley	4735 012206	51144074930571110926	+1 (608) 384-6208	smorley7m@google.com.hk	\N
276	Jsandye O'Luby	4043 086759	72123294314967460383	+1 (843) 697-3153	joluby7n@ftc.gov	\N
277	Alvinia Lodo	3937 973043	21016451567639320518	+977 (186) 454-7941	alodo7o@apple.com	\N
278	Sam Skyram	8878 457415	75230074842116654164	+62 (280) 430-5676	sskyram7p@yelp.com	\N
279	Sharleen Daley	1403 539191	07909701579899570950	+1 (706) 989-1948	sdaley7q@ifeng.com	\N
280	Amby Landsborough	3610 617783	72789252914361824261	+86 (284) 242-0523	alandsborough7r@ftc.gov	\N
281	Ramsey Cains	9279 768734	17156298202148450647	+62 (901) 930-4016	rcains7s@bloglovin.com	\N
282	Desi Webb	9936 998954	76138790908497583053	+57 (111) 392-5802	dwebb7t@delicious.com	\N
283	Franky Cattemull	8981 607548	26208748326760404100	+269 (575) 664-8713	fcattemull7u@tuttocitta.it	\N
284	Aubrie Uttley	1232 534680	36662421119061070534	+502 (230) 283-1363	auttley7v@bbb.org	\N
285	Tye Powlesland	6532 557684	11227447703988531288	+1 (502) 250-0396	tpowlesland7w@domainmarket.com	\N
286	Luther Punton	5825 605396	29777461780654855144	+1 (936) 825-6290	lpunton7x@canalblog.com	\N
287	Melantha Dyke	5355 102039	84392598722997267992	+255 (419) 776-1672	mdyke7y@reddit.com	\N
288	Alyse Redmell	1849 479519	64104555805989531837	+63 (533) 181-4845	aredmell7z@virginia.edu	\N
289	Cherie Pearlman	2556 375974	67220095677022626389	+970 (607) 116-5662	cpearlman80@sina.com.cn	\N
290	Maia Lermit	4256 701194	48351692912074503596	+62 (558) 457-4725	mlermit81@imgur.com	\N
291	Cass Bill	9615 261651	21403134101837942351	+351 (395) 148-2216	cbill82@paypal.com	\N
292	Whitaker Shine	3023 979973	15146471328089801423	+55 (964) 943-0157	wshine83@gravatar.com	\N
293	Lynett Rittmeier	8983 753389	42435693597638518730	+86 (534) 543-8821	lrittmeier84@irs.gov	\N
294	Brade Druhan	5490 471780	26214714291072206917	+27 (435) 948-5209	bdruhan85@e-recht24.de	\N
295	Lavina Joskovitch	9523 715036	74559376742252051165	+62 (851) 601-3805	ljoskovitch86@dropbox.com	\N
296	Zia Gutch	9136 220004	02330518025000850265	+62 (694) 696-2306	zgutch87@discovery.com	\N
297	Julienne Maffy	2714 438569	02336369752815464023	+86 (818) 936-7870	jmaffy88@over-blog.com	\N
298	Evelyn Lathom	0444 435527	86792973706121102441	+86 (458) 748-1655	elathom89@sourceforge.net	\N
299	Shelby Koomar	6625 389718	07149806798655780330	+7 (909) 656-6428	skoomar8a@howstuffworks.com	\N
300	Angel Bernhardt	9415 067161	21974618739871812128	+1 (331) 220-2679	abernhardt8b@google.ru	\N
301	Mady Lippiett	8575 069978	19188719442882664741	+7 (718) 713-3488	mlippiett8c@fastcompany.com	\N
302	Armand Maccaddie	6691 670050	94103226009009263424	+51 (388) 830-7794	amaccaddie8d@accuweather.com	\N
303	Konstantin Suffe	9420 994724	93213150283179475808	+47 (287) 294-5392	ksuffe8e@4shared.com	\N
304	Darcee Corns	1558 905996	83918433647045047320	+86 (422) 439-9677	dcorns8f@vk.com	\N
305	Alessandro Claybourne	6036 527356	14215120369012946056	+970 (442) 392-3379	aclaybourne8g@latimes.com	\N
306	Godard Carse	0402 065427	18081150717923434325	+86 (703) 447-3568	gcarse8h@hexun.com	\N
307	Myrtice Trewhella	2143 943955	85136813236878398801	+1 (324) 676-3359	mtrewhella8i@imgur.com	\N
308	Desdemona Whetnell	0109 961565	18261914272155632603	+86 (883) 861-8578	dwhetnell8j@wufoo.com	\N
309	Florence Pyatt	9423 066761	40180889966506622662	+62 (205) 430-5623	fpyatt8k@blogspot.com	\N
310	Payton Bettison	4744 866869	71462380173748442511	+57 (750) 666-3416	pbettison8l@nba.com	\N
311	Kane Strotone	5385 383304	98434471870917740172	+57 (221) 625-1177	kstrotone8m@va.gov	\N
312	Paulie Dosedale	5186 636652	98283448900299880288	+1 (518) 575-9332	pdosedale8n@bbb.org	\N
313	Cory Yerlett	0680 920402	57388926365433943248	+86 (830) 328-0831	cyerlett8o@biglobe.ne.jp	\N
314	Jaynell Seeler	1521 153697	68370095653272227322	+62 (694) 365-3446	jseeler8p@histats.com	\N
315	Lori Dofty	8193 346884	60577255100247412484	+351 (582) 759-7645	ldofty8q@wordpress.com	\N
316	Herve Pennyman	4288 807901	53522754497042405969	+381 (217) 589-6955	hpennyman8r@e-recht24.de	\N
317	Dewie McMichael	7737 693321	77443342942036895704	+86 (966) 819-0743	dmcmichael8s@jimdo.com	\N
318	Judye Lavens	9492 370946	41161846045225344294	+48 (964) 476-2616	jlavens8t@va.gov	\N
319	Daryl Spohrmann	6334 204899	44712942761982144167	+46 (296) 849-3909	dspohrmann8u@hud.gov	\N
320	Hana Brushneen	5260 796256	01769717577457572527	+86 (647) 859-9798	hbrushneen8v@tumblr.com	\N
321	Kelsey Leger	6199 158913	10870360390644263386	+20 (172) 847-7710	kleger8w@geocities.com	\N
322	Sophia Whylie	1393 617008	90497297584923225312	+351 (948) 184-5828	swhylie8x@bbb.org	\N
323	Ninetta Collopy	1358 753960	44842021557894369475	+86 (263) 811-8198	ncollopy8y@tiny.cc	\N
324	Kain ducarme	9856 758516	95493260916427905193	+1 (515) 708-0550	kducarme8z@apache.org	\N
325	Cindie Kasparski	8642 916519	50710895152338318271	+62 (814) 114-8720	ckasparski90@mozilla.com	\N
326	Zollie Fleeman	4682 300370	75006144817125113272	+30 (284) 371-6939	zfleeman91@indiatimes.com	\N
327	Cherri Benjafield	6597 331399	36816316480717724316	+86 (535) 765-3623	cbenjafield92@state.tx.us	\N
328	Jena Davis	0783 810178	28763261377893118080	+62 (595) 704-8923	jdavis93@mozilla.org	\N
329	Grover Spadollini	7846 015805	47162522482925090012	+62 (882) 305-3223	gspadollini94@blogs.com	\N
330	Avril Kleuer	6115 851096	77705649371262232657	+591 (927) 433-0814	akleuer95@soundcloud.com	\N
331	Bobbye Romanetti	2018 342713	69814705916538952556	+1 (675) 362-8406	bromanetti96@jiathis.com	\N
332	Alane Rowles	2905 319454	26511060798830921927	+351 (693) 295-0324	arowles97@qq.com	\N
333	Orin Spaxman	9797 066266	69280679031081375393	+63 (699) 354-6557	ospaxman98@salon.com	\N
334	Judy Tommeo	4592 487745	84252434943682770788	+62 (735) 632-8351	jtommeo99@jiathis.com	\N
335	Al Ondrousek	3615 837061	36707426646630924283	+62 (975) 728-8294	aondrousek9a@ftc.gov	\N
336	Isabeau Zeale	2756 474896	91766667566606398481	+977 (723) 431-0863	izeale9b@sciencedaily.com	\N
337	Odey Minguet	5305 382586	74115020774782391672	+351 (729) 169-2110	ominguet9c@oaic.gov.au	\N
338	Bea Vinck	7670 306585	86927231755362503374	+86 (795) 986-6050	bvinck9d@rediff.com	\N
339	Malvin de Tocqueville	4075 989818	86506005476006253936	+358 (294) 640-9213	mde9e@tuttocitta.it	\N
340	Tybalt Pover	1045 778060	27492281449571912910	+63 (961) 222-4510	tpover9f@ameblo.jp	\N
341	Seka Tettersell	8722 789993	95174621399081599535	+62 (190) 464-8755	stettersell9g@latimes.com	\N
342	Neale Raynard	5426 623895	09479001711174577056	+7 (364) 381-7506	nraynard9h@sina.com.cn	\N
343	Shoshana Hardstaff	7855 957384	08654319470710022926	+46 (106) 963-5256	shardstaff9i@php.net	\N
344	Betty Peyes	6212 324350	50316167361362681911	+251 (466) 118-6702	bpeyes9j@wikispaces.com	\N
345	Thomas McCobb	7048 570039	48871017094929824315	+48 (511) 563-1933	tmccobb9k@statcounter.com	\N
346	Mead Donhardt	2073 904679	91693448046803506624	+63 (456) 666-2776	mdonhardt9l@blogspot.com	\N
347	Kaile Joust	1318 932609	67695182801791929023	+33 (939) 633-7679	kjoust9m@rambler.ru	\N
348	Wileen Cawsby	7297 904177	26308432781585919705	+380 (955) 262-5133	wcawsby9n@unicef.org	\N
349	Nev Colborn	7411 899494	14393380252981840199	+34 (934) 947-0882	ncolborn9o@google.com	\N
350	Kathleen Crut	1656 859385	02463237677421042975	+507 (271) 795-7630	kcrut9p@virginia.edu	\N
351	Ferrel Guthrie	8566 143117	61483459122742761480	+66 (566) 156-2138	fguthrie9q@fc2.com	\N
352	Silvana Ishchenko	2754 180648	53843216191287658621	+1 (530) 571-7765	sishchenko9r@gmpg.org	\N
353	Lothaire Spavon	2624 656466	35720157818948469017	+86 (216) 552-7429	lspavon9s@ibm.com	\N
354	Bettye Dudhill	1419 255613	06155594335757081785	+7 (863) 796-6433	bdudhill9t@freewebs.com	\N
355	Emilee Lamb-shine	6654 997575	83428000942161440404	+976 (465) 815-6400	elambshine9u@lycos.com	\N
356	Beverlee Blabber	0895 453110	07448682854949115462	+352 (925) 820-8096	bblabber9v@bloglovin.com	\N
357	Katee Carslaw	1038 653636	33525355930625365110	+54 (878) 798-3677	kcarslaw9w@csmonitor.com	\N
358	Cos McCambridge	5665 560460	37915632506107972238	+86 (825) 436-0972	cmccambridge9x@twitter.com	\N
359	Vonny Rose	8252 483839	21367743266680305991	+33 (510) 354-4902	vrose9y@storify.com	\N
360	Jorry Pessler	9785 875787	83921914029192700325	+255 (311) 713-0888	jpessler9z@slideshare.net	\N
361	Joanna Matitiaho	1174 093086	45154578308415546029	+62 (125) 390-6074	jmatitiahoa0@merriam-webster.com	\N
362	Birgitta Matzke	0489 350497	48733912045659881061	+66 (487) 720-8600	bmatzkea1@webs.com	\N
363	Tito Chazier	9420 266481	23737509561823985383	+33 (289) 828-6130	tchaziera2@businessinsider.com	\N
364	Lonee Laidler	1989 304382	79786119418225808367	+86 (384) 284-1063	llaidlera3@cnn.com	\N
365	Orton Bleier	3822 905031	42023327885855583677	+86 (578) 228-2402	obleiera4@free.fr	\N
366	Anna-diane Robbings	1265 093774	36757365728845671580	+1 (247) 829-0607	arobbingsa5@arstechnica.com	\N
367	Jewell Studart	9663 335178	35716300007581137886	+7 (560) 350-2215	jstudarta6@ezinearticles.com	\N
368	Demetris Kinnaird	4163 849386	98078825355976153637	+33 (970) 463-7231	dkinnairda7@noaa.gov	\N
369	Roobbie Normansell	4286 883601	11114864659407742276	+7 (366) 208-8850	rnormansella8@foxnews.com	\N
370	Amity Cleary	2823 981614	49206523070692505697	+63 (209) 750-6214	aclearya9@joomla.org	\N
371	Zacharia Lorkin	0329 852630	34252796860713618871	+420 (331) 543-5367	zlorkinaa@va.gov	\N
372	Eben Dobrowski	8358 044037	03691152472983657940	+63 (937) 715-6759	edobrowskiab@deviantart.com	\N
373	Phillis Beney	6235 797679	81820499754956975272	+212 (898) 753-3042	pbeneyac@nasa.gov	\N
374	Roderich Orton	6266 134632	78506606599753850477	+57 (939) 362-9503	rortonad@rediff.com	\N
375	Vergil Donizeau	7904 671148	55871803214676087798	+63 (779) 930-6410	vdonizeauae@vinaora.com	\N
376	Silvanus Fontaine	5253 047206	47240466743261328954	+86 (105) 305-6817	sfontaineaf@hugedomains.com	\N
377	Stavro Sheekey	4081 062222	01505573577146348312	+66 (191) 875-8857	ssheekeyag@cbsnews.com	\N
378	Penny Carruthers	1659 843960	91792930077404775162	+353 (208) 990-0690	pcarruthersah@e-recht24.de	\N
379	Conchita Enright	1566 285114	93053589264963887100	+30 (574) 180-3458	cenrightai@jugem.jp	\N
380	Rosana Trineman	2356 304759	85810930477499242630	+63 (625) 441-3321	rtrinemanaj@exblog.jp	\N
381	Grady Margrett	2263 051419	56468701277771775467	+51 (931) 593-2078	gmargrettak@ebay.com	\N
382	Burl Hamby	3712 316031	35978848673512153999	+86 (747) 118-3187	bhambyal@wikia.com	\N
383	Carlene Cowley	9832 085173	00730055704702526179	+62 (184) 796-8625	ccowleyam@nationalgeographic.com	\N
384	Curtice Tilt	9621 950290	79890260939939637826	+994 (386) 433-7080	ctiltan@exblog.jp	\N
385	Cecilla Dykas	5969 153556	36702166684455221408	+1 (244) 338-6701	cdykasao@meetup.com	\N
386	Agustin Gawith	4247 342504	45983070855531714340	+86 (239) 381-6711	agawithap@mashable.com	\N
387	Colin Britner	8404 005087	61777271872996091469	+86 (752) 529-4454	cbritneraq@epa.gov	\N
388	Kerri Dossettor	2002 249721	64201961886515316175	+86 (705) 953-1659	kdossettorar@yolasite.com	\N
389	Evered Kidstone	2088 418979	15100441847191778396	+380 (658) 870-1095	ekidstoneas@reuters.com	\N
390	Maible Wartonby	4956 276273	39154081412354489150	+54 (845) 996-3052	mwartonbyat@mozilla.org	\N
391	Gawen Ebourne	9271 987265	07125712561467888879	+63 (421) 654-7981	gebourneau@merriam-webster.com	\N
392	Flem Dibben	4790 444622	76922869981211731932	+86 (869) 875-8879	fdibbenav@devhub.com	\N
393	Justus Donaway	8939 941581	51239311212056098348	+62 (214) 792-6682	jdonawayaw@pen.io	\N
394	Clement Futter	3379 084354	04325467736803155901	+81 (253) 843-4557	cfutterax@yellowpages.com	\N
395	Pepi Paaso	6865 368944	78253339247559756023	+598 (637) 414-6858	ppaasoay@barnesandnoble.com	\N
396	Meade Mantle	6920 704768	38455348565741066867	+33 (936) 149-1147	mmantleaz@plala.or.jp	\N
397	Devin Worthy	9018 579188	20967467267099279885	+7 (589) 711-3552	dworthyb0@naver.com	\N
398	Ashlan Lecky	0231 583672	46529582425033596055	+237 (273) 716-8234	aleckyb1@hud.gov	\N
399	Adrian Cubbin	7437 440606	03884010570530630298	+57 (998) 174-3308	acubbinb2@mayoclinic.com	\N
400	Aili Geator	7156 757381	91901938818343529330	+976 (642) 505-9812	ageatorb3@wired.com	\N
401	Iain Lanigan	9262 763004	23268155269113998695	+86 (703) 154-0450	ilaniganb4@unblog.fr	\N
402	Betteann Moreinu	0242 473530	21279113299721143094	+389 (757) 437-0555	bmoreinub5@cpanel.net	\N
403	Hadlee Knightsbridge	6571 507880	26753721152234440551	+86 (228) 671-8927	hknightsbridgeb6@nydailynews.com	\N
404	Anjanette Hukin	6460 018781	97964277403231209682	+86 (330) 767-4220	ahukinb7@istockphoto.com	\N
405	Tommie Krinks	2562 551246	50380870988360155801	+48 (157) 251-1725	tkrinksb8@free.fr	\N
406	Carry Treacher	4788 492395	83080944503495206819	+976 (130) 578-6412	ctreacherb9@vkontakte.ru	\N
407	Gregorius Haugeh	9069 707536	48307621069314970990	+62 (776) 257-3291	ghaugehba@wp.com	\N
408	Quintin Gant	8604 977505	95396309434328495873	+225 (360) 390-0920	qgantbb@edublogs.org	\N
409	Malvin Scawen	2071 033580	08009329956655378779	+507 (334) 923-9802	mscawenbc@joomla.org	\N
410	Louie Idell	5413 676145	73246159320793102845	+63 (321) 603-4976	lidellbd@rambler.ru	\N
411	Dorrie Gurys	1517 551821	83143956241529992730	+353 (376) 655-5657	dgurysbe@gizmodo.com	\N
412	Angie Medlar	3990 709719	54201720908719605411	+1 (284) 826-6018	amedlarbf@rambler.ru	\N
413	Alyosha Schelle	9270 749540	12418666450127186120	+86 (552) 569-6363	aschellebg@indiatimes.com	\N
414	Andee Libri	9878 636375	18393213564685368536	+63 (663) 532-9992	alibribh@deviantart.com	\N
415	Gerianne Samet	1413 007867	46079429230137386717	+84 (349) 630-6343	gsametbi@time.com	\N
416	Calli Maxworthy	4751 195145	67108490540416266880	+33 (561) 426-8847	cmaxworthybj@cyberchimps.com	\N
417	Dylan Stormes	4108 125086	18604641577514538554	+1 (270) 911-2289	dstormesbk@gmpg.org	\N
418	Gun Lotwich	6934 197796	91342998200038906388	+1 (983) 328-4970	glotwichbl@mit.edu	\N
419	Whit Labarre	2504 614738	50909634572148266559	+30 (383) 550-4116	wlabarrebm@topsy.com	\N
420	Dinah Dillingham	8775 169678	68372917951566799808	+86 (827) 706-1640	ddillinghambn@cdc.gov	\N
421	Palmer Ummfrey	6476 461307	05227346956724649645	+81 (119) 466-9109	pummfreybo@ow.ly	\N
422	Almeta Drinnan	6265 691950	79325121182193015698	+86 (947) 296-6447	adrinnanbp@google.pl	\N
423	Sergent Beebe	8606 207917	26658969204050719436	+47 (200) 367-9990	sbeebebq@hatena.ne.jp	\N
424	Aubrette Pohls	2897 228041	61347977844135822404	+62 (212) 321-4038	apohlsbr@mozilla.com	\N
425	Jeremiah Duchart	5918 472182	20985623820375198792	+961 (824) 844-1188	jduchartbs@alibaba.com	\N
426	Mickie Newarte	9694 766119	63463635136946071109	+62 (972) 527-2499	mnewartebt@usgs.gov	\N
427	Jsandye Flahy	8693 534446	89206017630469478099	+353 (259) 525-1307	jflahybu@twitpic.com	\N
428	Fay Kimmings	0204 574194	81473026504277708891	+352 (900) 618-8324	fkimmingsbv@exblog.jp	\N
429	Mimi McAlester	2451 248256	97859132381951376090	+60 (397) 944-1547	mmcalesterbw@answers.com	\N
430	Elli Grand	8754 260553	77672248360491219576	+81 (130) 923-6213	egrandbx@smugmug.com	\N
431	Verney Surgey	3592 660167	00377374925557972401	+62 (409) 848-2111	vsurgeyby@wired.com	\N
432	Mikel Silvester	4668 387930	63554318918505149023	+212 (280) 956-4540	msilvesterbz@gravatar.com	\N
433	Jammie Woodeson	0134 153881	82941120851422416353	+62 (208) 316-4722	jwoodesonc0@princeton.edu	\N
434	Maurise Stut	4581 294153	69495689951145624713	+7 (487) 177-4414	mstutc1@tinyurl.com	\N
435	Devlin Goodin	1413 007134	63404334578581591477	+48 (713) 169-0303	dgoodinc2@columbia.edu	\N
436	Sandor McFee	7432 682000	81952755579708880001	+63 (260) 402-8924	smcfeec3@fotki.com	\N
437	Sol Pellissier	0974 672912	15636815153960204874	+55 (496) 580-2964	spellissierc4@columbia.edu	\N
438	Kane Senn	7308 985195	48621034872173673213	+86 (995) 949-1696	ksennc5@guardian.co.uk	\N
439	Ermanno Scorah	1519 282035	19286793429632316964	+55 (385) 715-1557	escorahc6@nyu.edu	\N
440	Horst Grave	1634 674175	07114389837529661137	+386 (705) 808-1396	hgravec7@tinypic.com	\N
441	Ram Stoeckle	0414 247651	54457454802092617918	+7 (976) 740-2783	rstoecklec8@flavors.me	\N
442	Cariotta Kindley	5771 475492	70868824612364548962	+62 (164) 559-8123	ckindleyc9@mozilla.org	\N
443	Edwin Kits	1322 803524	05470265591505501584	+86 (146) 900-0077	ekitsca@ocn.ne.jp	\N
444	Neddie Boles	7234 260052	14258029700737585744	+55 (826) 423-1697	nbolescb@arstechnica.com	\N
445	Dniren Instock	4357 709935	04747364668625434495	+86 (523) 805-3175	dinstockcc@princeton.edu	\N
446	Simone Richings	3979 829393	35676510811836824246	+86 (862) 354-6518	srichingscd@house.gov	\N
447	Edwina Pleace	9563 603173	36180485098184880412	+86 (492) 151-2860	epleacece@samsung.com	\N
448	Bryce Hovington	0157 149380	69968130505640715147	+86 (166) 181-6310	bhovingtoncf@scribd.com	\N
449	Sonnie Thompkins	3011 319463	20741396864785403627	+234 (200) 293-5487	sthompkinscg@aol.com	\N
450	Letta Center	3505 794092	78867274169070231075	+62 (138) 459-9648	lcenterch@home.pl	\N
451	Verney House	7965 709049	89675373247096906147	+46 (270) 315-6686	vhouseci@businessweek.com	\N
452	Job Mair	2918 246064	21728695712843231991	+48 (515) 566-6917	jmaircj@last.fm	\N
453	Marcille Dudin	2180 768003	53528563815584901341	+420 (207) 417-4194	mdudinck@wiley.com	\N
454	Tobe Levison	3160 320161	91014449473281941761	+86 (985) 110-0695	tlevisoncl@blinklist.com	\N
455	Harlan Frane	0434 307139	76290228653207190321	+63 (132) 253-9982	hfranecm@phoca.cz	\N
456	Malcolm Cranshaw	5954 217090	30846864488754455398	+1 (485) 424-6888	mcranshawcn@gravatar.com	\N
457	Carce Galey	4633 733181	66315554963008993545	+506 (161) 677-9590	cgaleyco@springer.com	\N
458	Madeline Wordsley	0856 469111	45318586492480565373	+46 (526) 195-3178	mwordsleycp@chron.com	\N
459	Travis Lehrer	4688 663965	65261741259303598522	+66 (441) 741-1520	tlehrercq@sciencedaily.com	\N
460	Garrard Arrol	5421 734847	53691489501695963655	+54 (272) 656-4810	garrolcr@nifty.com	\N
461	Wyn Paulat	9254 077852	23201361261149207232	+86 (158) 382-4218	wpaulatcs@dedecms.com	\N
462	Harriet Dyster	8586 384652	18701898807385018620	+30 (852) 212-2658	hdysterct@gov.uk	\N
463	Anna-diana Holgan	4676 939718	80416102716342966947	+242 (232) 952-7792	aholgancu@ibm.com	\N
464	Maryjane Fransewich	9540 020581	43354155146920595018	+963 (679) 736-5115	mfransewichcv@google.it	\N
465	Cale Redpath	1064 736026	03955928746376748817	+53 (117) 231-1849	credpathcw@hao123.com	\N
466	Ethel Goroni	2177 716890	83899224737885564080	+63 (664) 430-5247	egoronicx@deviantart.com	\N
467	Cynthie Tregidgo	8103 390641	48679708011815025535	+62 (552) 394-8453	ctregidgocy@samsung.com	\N
468	Emeline Pocke	1870 350954	87358462841713583013	+506 (934) 633-0331	epockecz@squidoo.com	\N
469	Ulla Sears	9204 335095	55953188484891417351	+86 (692) 767-9779	usearsd0@msn.com	\N
470	Jordain Claypoole	7514 379528	91137223110334851495	+57 (701) 673-7302	jclaypooled1@google.it	\N
471	Abran Campbell-Dunlop	1172 907776	41064844007794361076	+66 (658) 645-7262	acampbelldunlopd2@independent.co.uk	\N
472	Rena Duckerin	5730 130664	00548305927100997292	+66 (884) 670-4125	rduckerind3@unc.edu	\N
473	Pepito Ackerley	7832 508704	85003942152162941245	+507 (114) 953-1039	packerleyd4@ning.com	\N
474	Gretta Adie	1892 387044	67065815810568982009	+62 (169) 472-2749	gadied5@marketwatch.com	\N
475	Heidie Horsell	4057 836885	33632364280908492375	+63 (542) 868-6948	hhorselld6@yandex.ru	\N
476	Christin Proswell	7268 997886	95986608352502620383	+62 (824) 900-7525	cproswelld7@tripod.com	\N
477	Drud Gillingham	6799 724658	11948717389393588212	+967 (631) 914-6940	dgillinghamd8@aboutads.info	\N
478	Zacharie Lavallin	4048 411412	50367125915324056224	+233 (487) 560-0578	zlavallind9@joomla.org	\N
479	Hobard Godbald	9267 433253	87825168270941691383	+86 (467) 703-2489	hgodbaldda@ucsd.edu	\N
480	Geri Francom	0847 622301	47034417544877972201	+63 (452) 869-5797	gfrancomdb@howstuffworks.com	\N
481	Karl Wiggett	4538 933955	86645091828181032776	+63 (180) 594-5081	kwiggettdc@cam.ac.uk	\N
482	Base Treend	4977 514901	41016358211011470188	+81 (728) 943-5330	btreenddd@pbs.org	\N
483	Glynda Silly	5783 555676	38434457120907995963	+46 (490) 645-2997	gsillyde@freewebs.com	\N
484	Rosella Dibdall	4781 977195	05294618711303980862	+48 (976) 683-7987	rdibdalldf@virginia.edu	\N
485	Junette Botwright	4457 955647	43021686591415711926	+63 (677) 516-9828	jbotwrightdg@uol.com.br	\N
486	Hall Boscott	6380 891179	60668734509832663437	+380 (213) 385-3720	hboscottdh@mozilla.org	\N
487	Liva Gomby	5924 834845	69705329285154028803	+381 (398) 737-9774	lgombydi@ed.gov	\N
488	Collen Mullaly	3364 073312	96434166919498476613	+48 (387) 719-2196	cmullalydj@tmall.com	\N
489	Enrika Anfonsi	0621 149143	66511125513556898448	+86 (514) 718-7714	eanfonsidk@apple.com	\N
490	Cinnamon Levi	1984 717360	26653282814299225477	+62 (519) 477-4921	clevidl@livejournal.com	\N
491	Sibelle Godbehere	7591 829619	57599618132591631662	+55 (666) 680-0406	sgodbeheredm@sakura.ne.jp	\N
492	Retha Ghost	3280 293621	64357883175449761568	+86 (381) 478-9589	rghostdn@pen.io	\N
493	Deane Shoubridge	7133 761951	59872465921794753038	+54 (637) 312-5381	dshoubridgedo@dagondesign.com	\N
494	De Leport	2735 672483	68508593587724052162	+86 (559) 838-0799	dleportdp@rakuten.co.jp	\N
495	Neils Menier	0700 075907	51444563159641890980	+55 (802) 533-5811	nmenierdq@state.tx.us	\N
496	Tanner Yoskowitz	0119 761758	87841679855113487995	+677 (896) 837-0051	tyoskowitzdr@blog.com	\N
497	Frasquito Paolinelli	7666 988034	31469949426424661793	+62 (795) 999-1213	fpaolinellids@home.pl	\N
498	Roman Fawks	9071 868161	43340112658470781099	+33 (846) 442-7764	rfawksdt@behance.net	\N
499	Florinda Eddoes	1409 210063	25747887788542450774	+33 (637) 281-9678	feddoesdu@netscape.com	\N
500	Celesta Meller	8433 489401	40651618850487622101	+82 (529) 937-3564	cmellerdv@mashable.com	\N
\.


--
-- TOC entry 4805 (class 0 OID 24771)
-- Dependencies: 221
-- Data for Name: transaction; Type: TABLE DATA; Schema: public; Owner: postgres
--

COPY public.transaction (id, amount, client_acc, client_id) FROM stdin;
1	7	34887624526169452884	2
2	7	34887624526169452884	2
3	7	34887624526169452884	2
4	7	34887624526169452884	2
5	7	17512004549035244305	24
6	5	34887624526169452884	2
7	8	34887624526169452884	2
\.


--
-- TOC entry 4811 (class 0 OID 0)
-- Dependencies: 219
-- Name: balance_id_seq; Type: SEQUENCE SET; Schema: public; Owner: postgres
--

SELECT pg_catalog.setval('public.balance_id_seq', 500, true);


--
-- TOC entry 4812 (class 0 OID 0)
-- Dependencies: 220
-- Name: transaction_id_seq1; Type: SEQUENCE SET; Schema: public; Owner: postgres
--

SELECT pg_catalog.setval('public.transaction_id_seq1', 7, true);


--
-- TOC entry 4651 (class 2606 OID 16469)
-- Name: client client_pkey; Type: CONSTRAINT; Schema: public; Owner: postgres
--

ALTER TABLE ONLY public.client
    ADD CONSTRAINT client_pkey PRIMARY KEY (id);


--
-- TOC entry 4653 (class 2606 OID 24775)
-- Name: transaction transaction_pkey1; Type: CONSTRAINT; Schema: public; Owner: postgres
--

ALTER TABLE ONLY public.transaction
    ADD CONSTRAINT transaction_pkey1 PRIMARY KEY (id);


--
-- TOC entry 4654 (class 2606 OID 16496)
-- Name: balance balance_client_id_fkey; Type: FK CONSTRAINT; Schema: public; Owner: postgres
--

ALTER TABLE ONLY public.balance
    ADD CONSTRAINT balance_client_id_fkey FOREIGN KEY (client_id) REFERENCES public.client(id);


--
-- TOC entry 4655 (class 2606 OID 24776)
-- Name: transaction fk7j4eee09p60fngm038fc4oxj2; Type: FK CONSTRAINT; Schema: public; Owner: postgres
--

ALTER TABLE ONLY public.transaction
    ADD CONSTRAINT fk7j4eee09p60fngm038fc4oxj2 FOREIGN KEY (client_id) REFERENCES public.client(id);


-- Completed on 2025-04-10 14:47:31

--
-- PostgreSQL database dump complete
--

